<?xml version="1.0" encoding="UTF-8" standalone="no"?>
<manifest xmlns="http://tizen.org/ns/packages" api-version="2.3.1" package="com.utkuturer" version="1.0.0">
    <author email="uturer@gmail.com">Utku Turer</author>
    <profile name="wearable"/>
    <ui-application appid="com.utkuturer.arensschedule" exec="arens_schedule" multiple="false" nodisplay="false" taskmanage="true" type="capp">
        <label>Aren's Schedule</label>
        <icon>cicikus.png</icon>
    </ui-application>
</manifest>
